CREATE DATABASE ORDERS_FLAT;
USE ORDERS_FLAT;

CREATE TABLE CUSTOMERS(
CUSTOMER_ID VARCHAR(10) PRIMARY KEY,
CUSTOMER_NAME VARCHAR(100) NOT NULL,
CUSTOMER_EMAIL VARCHAR(100) DEFAULT NULL,
CUSTOMER_CITY VARCHAR(100) DEFAULT NULL
);

CREATE TABLE SALES_REP(
SALES_REP_ID VARCHAR(10) PRIMARY KEY,
SALES_REP_NAME VARCHAR(100) NOT NULL,
SALES_REP_EMAIL VARCHAR(100) NOT NULL,
OFFICE_ADDRESS VARCHAR(255) NOT NULL
);

CREATE TABLE ORDERS(
ORDER_ID VARCHAR(10) PRIMARY KEY,
CUSTOMER_ID VARCHAR(10) NOT NULL,
SALES_REP_ID VARCHAR(10) NOT NULL,
ORDER_DATE DATE NOT NULL,
FOREIGN KEY (CUSTOMER_ID) REFERENCES CUSTOMERS(CUSTOMER_ID), 
FOREIGN KEY (SALES_REP_ID) REFERENCES SALES_REP(SALES_REP_ID) 
);

CREATE TABLE PRODUCT(
PRODUCT_ID VARCHAR(10) PRIMARY KEY,
PRODUCT_NAME VARCHAR(100) NOT NULL,
CATEGORY VARCHAR(100) NOT NULL,
UNIT_PRICE INT NOT NULL
);

CREATE TABLE ORDER_DETAILS(
ORDER_ID VARCHAR(10) NOT NULL,
PRODUCT_ID VARCHAR(10) NOT NULL,
QUANTITY INT NOT NULL,
PRIMARY KEY(ORDER_ID, PRODUCT_ID),
FOREIGN KEY (ORDER_ID) REFERENCES ORDERS(ORDER_ID), 
FOREIGN KEY (PRODUCT_ID) REFERENCES PRODUCT(PRODUCT_ID)
);

-- 1. CUSTOMERS
INSERT INTO CUSTOMERS (CUSTOMER_ID, CUSTOMER_NAME, CUSTOMER_EMAIL, CUSTOMER_CITY) VALUES
('C002', 'Priya Sharma', 'priya@gmail.com', 'Delhi'),
('C001', 'Rohan Mehta', 'rohan@gmail.com', 'Mumbai'),
('C006', 'Neha Gupta', 'neha@gmail.com', 'Delhi'),
('C003', 'Amit Verma', 'amit@gmail.com', 'Bangalore'),
('C005', 'Vikram Singh', 'vikram@gmail.com', 'Mumbai'),
('C004', 'Sneha Iyer', 'sneha@gmail.com', 'Chennai'),
('C007', 'Arjun Nair', 'arjun@gmail.com', 'Bangalore'),
('C008', 'Kavya Rao', 'kavya@gmail.com', 'Hyderabad');

-- 2. SALES_REP
INSERT INTO SALES_REP (SALES_REP_ID, SALES_REP_NAME, SALES_REP_EMAIL, OFFICE_ADDRESS) VALUES
('SR02', 'Anita Desai', 'anita@corp.com', 'Delhi Office, Connaught Place, New Delhi - 110001'),
('SR01', 'Deepak Joshi', 'deepak@corp.com', 'Mumbai HQ, Nariman Point, Mumbai - 400021'),
('SR03', 'Ravi Kumar', 'ravi@corp.com', 'South Zone, MG Road, Bangalore - 560001');

-- 3. PRODUCT
INSERT INTO PRODUCT (PRODUCT_ID, PRODUCT_NAME, CATEGORY, UNIT_PRICE) VALUES
('P004', 'Notebook', 'Stationery', 120),
('P007', 'Pen Set', 'Stationery', 250),
('P005', 'Headphones', 'Electronics', 3200),
('P003', 'Desk Chair', 'Furniture', 8500),
('P006', 'Standing Desk', 'Furniture', 22000),
('P008', 'Webcam', 'Electronics', 2100),
('P001', 'Laptop', 'Electronics', 55000),
('P002', 'Mouse', 'Electronics', 800);

-- 4. ORDERS
INSERT INTO ORDERS (ORDER_ID, CUSTOMER_ID, SALES_REP_ID, ORDER_DATE) VALUES
('ORD1027', 'C002', 'SR02', '2023-11-02'),
('ORD1114', 'C001', 'SR01', '2023-08-06'),
('ORD1153', 'C006', 'SR01', '2023-02-14'),
('ORD1002', 'C002', 'SR02', '2023-01-17'),
('ORD1118', 'C006', 'SR02', '2023-11-10'),
('ORD1132', 'C003', 'SR02', '2023-03-07'),
('ORD1037', 'C002', 'SR03', '2023-03-06'),
('ORD1075', 'C005', 'SR03', '2023-04-18'),
('ORD1083', 'C006', 'SR01', '2023-07-03'),
('ORD1091', 'C001', 'SR01', '2023-07-24'),
('ORD1162', 'C006', 'SR03', '2023-09-29'),
('ORD1185', 'C003', 'SR03', '2023-06-15'),
('ORD1076', 'C004', 'SR03', '2023-05-16'),
('ORD1133', 'C001', 'SR03', '2023-10-16'),
('ORD1061', 'C006', 'SR01', '2023-10-27'),
('ORD1098', 'C007', 'SR03', '2023-10-03'),
('ORD1131', 'C008', 'SR02', '2023-06-22'),
('ORD1137', 'C005', 'SR02', '2023-05-10'),
('ORD1022', 'C005', 'SR01', '2023-10-15'),
('ORD1054', 'C002', 'SR03', '2023-10-04'),
('ORD1095', 'C001', 'SR03', '2023-08-11'),
('ORD1125', 'C004', 'SR02', '2023-07-28'),
('ORD1166', 'C003', 'SR01', '2023-09-05'),
('ORD1033', 'C004', 'SR02', '2023-03-24'),
('ORD1025', 'C008', 'SR01', '2023-02-26'),
('ORD1093', 'C007', 'SR03', '2023-06-19'),
('ORD1144', 'C005', 'SR03', '2023-01-14'),
('ORD1143', 'C003', 'SR03', '2023-02-28'),
('ORD1163', 'C007', 'SR03', '2023-06-19'),
('ORD1092', 'C005', 'SR01', '2023-05-23'),
('ORD1148', 'C007', 'SR02', '2023-02-05'),
('ORD1043', 'C004', 'SR01', '2023-01-04'),
('ORD1169', 'C003', 'SR01', '2023-01-28'),
('ORD1021', 'C008', 'SR03', '2023-08-23'),
('ORD1048', 'C002', 'SR03', '2023-08-09'),
('ORD1049', 'C007', 'SR02', '2023-01-28'),
('ORD1101', 'C005', 'SR02', '2023-06-17'),
('ORD1180', 'C008', 'SR01', '2023-06-02'),
('ORD1094', 'C002', 'SR01', '2023-10-25'),
('ORD1161', 'C004', 'SR03', '2023-05-05'),
('ORD1012', 'C001', 'SR01', '2023-05-29'),
('ORD1086', 'C003', 'SR01', '2023-07-31'),
('ORD1124', 'C003', 'SR02', '2023-12-22'),
('ORD1035', 'C002', 'SR02', '2023-05-03'),
('ORD1089', 'C001', 'SR02', '2023-04-24'),
('ORD1127', 'C007', 'SR03', '2023-12-23'),
('ORD1047', 'C008', 'SR02', '2023-07-28'),
('ORD1090', 'C008', 'SR02', '2023-04-27'),
('ORD1155', 'C007', 'SR01', '2023-09-11'),
('ORD1017', 'C008', 'SR02', '2023-11-24'),
('ORD1154', 'C008', 'SR02', '2023-10-19'),
('ORD1147', 'C002', 'SR03', '2023-01-22'),
('ORD1158', 'C001', 'SR01', '2023-02-13'),
('ORD1045', 'C002', 'SR01', '2023-05-23'),
('ORD1167', 'C005', 'SR01', '2023-06-01'),
('ORD1009', 'C006', 'SR02', '2023-01-23'),
('ORD1173', 'C006', 'SR01', '2023-01-27'),
('ORD1096', 'C006', 'SR03', '2023-09-19'),
('ORD1149', 'C006', 'SR02', '2023-09-08'),
('ORD1164', 'C008', 'SR02', '2023-05-09'),
('ORD1007', 'C006', 'SR01', '2023-04-21'),
('ORD1100', 'C006', 'SR01', '2023-06-03'),
('ORD1053', 'C004', 'SR01', '2023-08-15'),
('ORD1028', 'C005', 'SR01', '2023-12-15'),
('ORD1099', 'C006', 'SR01', '2023-12-07'),
('ORD1165', 'C002', 'SR01', '2023-06-11'),
('ORD1001', 'C004', 'SR03', '2023-02-22'),
('ORD1039', 'C007', 'SR03', '2023-12-20'),
('ORD1111', 'C001', 'SR02', '2023-11-09'),
('ORD1030', 'C005', 'SR01', '2023-08-21'),
('ORD1003', 'C002', 'SR01', '2023-09-16'),
('ORD1157', 'C006', 'SR03', '2023-12-26'),
('ORD1121', 'C008', 'SR01', '2023-05-21'),
('ORD1123', 'C006', 'SR03', '2023-02-11'),
('ORD1106', 'C006', 'SR02', '2023-08-15'),
('ORD1016', 'C003', 'SR03', '2023-05-06'),
('ORD1102', 'C005', 'SR01', '2023-04-09'),
('ORD1034', 'C001', 'SR02', '2023-09-08'),
('ORD1026', 'C003', 'SR03', '2023-08-05'),
('ORD1087', 'C003', 'SR02', '2023-07-30'),
('ORD1056', 'C008', 'SR01', '2023-07-25'),
('ORD1080', 'C007', 'SR01', '2023-02-27'),
('ORD1107', 'C008', 'SR03', '2023-03-28'),
('ORD1079', 'C005', 'SR03', '2023-08-15'),
('ORD1046', 'C004', 'SR01', '2023-10-20'),
('ORD1066', 'C006', 'SR01', '2023-12-09'),
('ORD1024', 'C007', 'SR01', '2023-03-12'),
('ORD1136', 'C004', 'SR02', '2023-06-22'),
('ORD1142', 'C004', 'SR03', '2023-05-12'),
('ORD1170', 'C005', 'SR01', '2023-03-06'),
('ORD1146', 'C004', 'SR03', '2023-06-04'),
('ORD1105', 'C005', 'SR02', '2023-10-24'),
('ORD1183', 'C004', 'SR01', '2023-12-05'),
('ORD1065', 'C001', 'SR01', '2023-08-03'),
('ORD1122', 'C002', 'SR02', '2023-05-01'),
('ORD1014', 'C008', 'SR02', '2023-03-25'),
('ORD1181', 'C007', 'SR01', '2023-10-19'),
('ORD1032', 'C005', 'SR03', '2023-09-17'),
('ORD1184', 'C003', 'SR01', '2023-03-30'),
('ORD1129', 'C007', 'SR02', '2023-10-03'),
('ORD1134', 'C002', 'SR02', '2023-03-11'),
('ORD1004', 'C001', 'SR01', '2023-11-29'),
('ORD1070', 'C005', 'SR02', '2023-02-05'),
('ORD1097', 'C007', 'SR01', '2023-05-11'),
('ORD1051', 'C004', 'SR01', '2023-10-02'),
('ORD1084', 'C004', 'SR01', '2023-07-01'),
('ORD1159', 'C007', 'SR03', '2023-05-04'),
('ORD1063', 'C002', 'SR01', '2023-12-12'),
('ORD1088', 'C005', 'SR03', '2023-02-25'),
('ORD1117', 'C003', 'SR02', '2023-12-08'),
('ORD1172', 'C005', 'SR01', '2023-09-03'),
('ORD1141', 'C003', 'SR01', '2023-08-31'),
('ORD1109', 'C006', 'SR01', '2023-12-11'),
('ORD1013', 'C004', 'SR01', '2023-07-14'),
('ORD1085', 'C007', 'SR03', '2023-03-21'),
('ORD1041', 'C008', 'SR02', '2023-03-03'),
('ORD1156', 'C003', 'SR01', '2023-07-01'),
('ORD1052', 'C003', 'SR01', '2023-05-23'),
('ORD1130', 'C004', 'SR01', '2023-05-20'),
('ORD1060', 'C001', 'SR03', '2023-10-05'),
('ORD1011', 'C006', 'SR01', '2023-12-27'),
('ORD1062', 'C003', 'SR03', '2023-02-11'),
('ORD1182', 'C001', 'SR01', '2023-02-20'),
('ORD1081', 'C003', 'SR01', '2023-07-09'),
('ORD1055', 'C002', 'SR01', '2023-03-27'),
('ORD1177', 'C005', 'SR01', '2023-05-08'),
('ORD1135', 'C003', 'SR02', '2023-07-14'),
('ORD1071', 'C006', 'SR01', '2023-08-13'),
('ORD1113', 'C007', 'SR02', '2023-05-05'),
('ORD1178', 'C007', 'SR01', '2023-11-02'),
('ORD1044', 'C001', 'SR01', '2023-01-17'),
('ORD1140', 'C001', 'SR01', '2023-01-11'),
('ORD1168', 'C006', 'SR02', '2023-01-08'),
('ORD1005', 'C007', 'SR02', '2023-10-29'),
('ORD1058', 'C008', 'SR02', '2023-12-23'),
('ORD1023', 'C005', 'SR03', '2023-08-08'),
('ORD1006', 'C001', 'SR01', '2023-12-24'),
('ORD1064', 'C007', 'SR03', '2023-05-07'),
('ORD1082', 'C003', 'SR01', '2023-01-22'),
('ORD1110', 'C004', 'SR01', '2023-03-17'),
('ORD1010', 'C002', 'SR01', '2023-10-10'),
('ORD1020', 'C002', 'SR03', '2023-06-11'),
('ORD1151', 'C007', 'SR03', '2023-09-25'),
('ORD1126', 'C008', 'SR01', '2023-04-16'),
('ORD1138', 'C008', 'SR03', '2023-10-04'),
('ORD1128', 'C007', 'SR01', '2023-06-30'),
('ORD1069', 'C002', 'SR03', '2023-04-20'),
('ORD1103', 'C007', 'SR03', '2023-03-31'),
('ORD1077', 'C008', 'SR01', '2023-02-17'),
('ORD1119', 'C007', 'SR03', '2023-08-17'),
('ORD1031', 'C005', 'SR01', '2023-09-17'),
('ORD1112', 'C008', 'SR03', '2023-10-22'),
('ORD1174', 'C008', 'SR01', '2023-02-03'),
('ORD1145', 'C007', 'SR03', '2023-04-12'),
('ORD1179', 'C004', 'SR01', '2023-09-25'),
('ORD1078', 'C005', 'SR01', '2023-06-20'),
('ORD1042', 'C004', 'SR02', '2023-01-11'),
('ORD1015', 'C006', 'SR03', '2023-05-17'),
('ORD1171', 'C008', 'SR01', '2023-01-07'),
('ORD1036', 'C004', 'SR01', '2023-02-13'),
('ORD1068', 'C008', 'SR01', '2023-01-05'),
('ORD1038', 'C008', 'SR01', '2023-05-16'),
('ORD1057', 'C003', 'SR01', '2023-07-19'),
('ORD1139', 'C006', 'SR03', '2023-02-05'),
('ORD1029', 'C005', 'SR03', '2023-06-24'),
('ORD1108', 'C005', 'SR03', '2023-11-21'),
('ORD1050', 'C001', 'SR03', '2023-06-23'),
('ORD1150', 'C007', 'SR03', '2023-08-24'),
('ORD1160', 'C008', 'SR01', '2023-02-17'),
('ORD1067', 'C004', 'SR02', '2023-03-09'),
('ORD1175', 'C008', 'SR01', '2023-10-23'),
('ORD1018', 'C004', 'SR02', '2023-01-29'),
('ORD1116', 'C001', 'SR01', '2023-03-04'),
('ORD1072', 'C005', 'SR03', '2023-09-28'),
('ORD1073', 'C005', 'SR01', '2023-03-10'),
('ORD1059', 'C008', 'SR01', '2023-06-01'),
('ORD1008', 'C002', 'SR02', '2023-02-19'),
('ORD1074', 'C002', 'SR03', '2023-10-11'),
('ORD1120', 'C008', 'SR02', '2023-05-07'),
('ORD1152', 'C008', 'SR02', '2023-10-31'),
('ORD1176', 'C001', 'SR01', '2023-03-18'),
('ORD1115', 'C003', 'SR03', '2023-09-23'),
('ORD1104', 'C005', 'SR03', '2023-01-01'),
('ORD1000', 'C002', 'SR03', '2023-05-21'),
('ORD1040', 'C005', 'SR03', '2023-11-29'),
('ORD1019', 'C001', 'SR02', '2023-07-25');

-- 5. ORDER_DETAILS
INSERT INTO ORDER_DETAILS (ORDER_ID, PRODUCT_ID, QUANTITY) VALUES
('ORD1027', 'P004', 4),
('ORD1114', 'P007', 2),
('ORD1153', 'P007', 3),
('ORD1002', 'P005', 1),
('ORD1118', 'P007', 5),
('ORD1132', 'P007', 5),
('ORD1037', 'P007', 2),
('ORD1075', 'P003', 3),
('ORD1083', 'P007', 2),
('ORD1091', 'P006', 3),
('ORD1162', 'P004', 3),
('ORD1185', 'P008', 1),
('ORD1076', 'P006', 5),
('ORD1133', 'P004', 1),
('ORD1061', 'P001', 4),
('ORD1098', 'P001', 2),
('ORD1131', 'P001', 4),
('ORD1137', 'P007', 1),
('ORD1022', 'P002', 5),
('ORD1054', 'P001', 1),
('ORD1095', 'P001', 3),
('ORD1125', 'P001', 3),
('ORD1166', 'P002', 3),
('ORD1033', 'P002', 5),
('ORD1025', 'P001', 2),
('ORD1093', 'P006', 1),
('ORD1144', 'P001', 3),
('ORD1143', 'P005', 2),
('ORD1163', 'P006', 3),
('ORD1092', 'P007', 3),
('ORD1148', 'P006', 5),
('ORD1043', 'P005', 1),
('ORD1169', 'P003', 5),
('ORD1021', 'P004', 2),
('ORD1048', 'P001', 3),
('ORD1049', 'P004', 1),
('ORD1101', 'P006', 4),
('ORD1180', 'P004', 3),
('ORD1094', 'P003', 3),
('ORD1161', 'P004', 3),
('ORD1012', 'P006', 1),
('ORD1086', 'P007', 1),
('ORD1124', 'P002', 2),
('ORD1035', 'P003', 1),
('ORD1089', 'P007', 2),
('ORD1127', 'P007', 1),
('ORD1047', 'P002', 2),
('ORD1090', 'P003', 2),
('ORD1155', 'P003', 3),
('ORD1017', 'P004', 5),
('ORD1154', 'P002', 5),
('ORD1147', 'P007', 3),
('ORD1158', 'P005', 2),
('ORD1045', 'P005', 4),
('ORD1167', 'P001', 2),
('ORD1009', 'P005', 4),
('ORD1173', 'P002', 2),
('ORD1096', 'P004', 1),
('ORD1149', 'P001', 1),
('ORD1164', 'P003', 2),
('ORD1007', 'P003', 3),
('ORD1100', 'P006', 5),
('ORD1053', 'P007', 5),
('ORD1028', 'P005', 1),
('ORD1099', 'P004', 3),
('ORD1165', 'P006', 1),
('ORD1001', 'P002', 5),
('ORD1039', 'P002', 2),
('ORD1111', 'P002', 1),
('ORD1030', 'P004', 1),
('ORD1003', 'P002', 5),
('ORD1157', 'P003', 3),
('ORD1121', 'P006', 4),
('ORD1123', 'P003', 2),
('ORD1106', 'P004', 2),
('ORD1016', 'P005', 2),
('ORD1102', 'P005', 4),
('ORD1034', 'P005', 1),
('ORD1026', 'P007', 5),
('ORD1087', 'P006', 2),
('ORD1056', 'P004', 1),
('ORD1080', 'P005', 1),
('ORD1107', 'P007', 1),
('ORD1079', 'P002', 5),
('ORD1046', 'P005', 5),
('ORD1066', 'P003', 3),
('ORD1024', 'P003', 5),
('ORD1136', 'P004', 4),
('ORD1142', 'P004', 3),
('ORD1170', 'P006', 3),
('ORD1146', 'P001', 5),
('ORD1105', 'P002', 5),
('ORD1183', 'P003', 1),
('ORD1065', 'P005', 5),
('ORD1122', 'P006', 3),
('ORD1014', 'P006', 3),
('ORD1181', 'P003', 3),
('ORD1032', 'P007', 5),
('ORD1184', 'P002', 3),
('ORD1129', 'P007', 5),
('ORD1134', 'P006', 4),
('ORD1004', 'P005', 5),
('ORD1070', 'P002', 2),
('ORD1097', 'P005', 1),
('ORD1051', 'P002', 4),
('ORD1084', 'P006', 5),
('ORD1159', 'P004', 4),
('ORD1063', 'P005', 2),
('ORD1088', 'P002', 4),
('ORD1117', 'P007', 5),
('ORD1172', 'P004', 2),
('ORD1141', 'P002', 1),
('ORD1109', 'P001', 3),
('ORD1013', 'P007', 3),
('ORD1085', 'P005', 2),
('ORD1041', 'P005', 2),
('ORD1156', 'P004', 3),
('ORD1052', 'P004', 4),
('ORD1130', 'P004', 4),
('ORD1060', 'P005', 1),
('ORD1011', 'P005', 1),
('ORD1062', 'P001', 2),
('ORD1182', 'P005', 1),
('ORD1081', 'P005', 5),
('ORD1055', 'P007', 4),
('ORD1177', 'P001', 1),
('ORD1135', 'P001', 3),
('ORD1071', 'P003', 5),
('ORD1113', 'P004', 2),
('ORD1178', 'P005', 3),
('ORD1044', 'P002', 3),
('ORD1140', 'P002', 5),
('ORD1168', 'P002', 5),
('ORD1005', 'P002', 3),
('ORD1058', 'P003', 5),
('ORD1023', 'P006', 5),
('ORD1006', 'P007', 4),
('ORD1064', 'P001', 5),
('ORD1082', 'P004', 3),
('ORD1110', 'P007', 1),
('ORD1010', 'P004', 3),
('ORD1020', 'P002', 2),
('ORD1151', 'P002', 3),
('ORD1126', 'P004', 4),
('ORD1138', 'P001', 1),
('ORD1128', 'P004', 3),
('ORD1069', 'P001', 5),
('ORD1103', 'P006', 5),
('ORD1077', 'P003', 4),
('ORD1119', 'P007', 2),
('ORD1031', 'P005', 1),
('ORD1112', 'P004', 2),
('ORD1174', 'P001', 2),
('ORD1145', 'P004', 1),
('ORD1179', 'P007', 2),
('ORD1078', 'P001', 2),
('ORD1042', 'P001', 5),
('ORD1015', 'P002', 1),
('ORD1171', 'P001', 3),
('ORD1036', 'P005', 4),
('ORD1068', 'P003', 4),
('ORD1038', 'P005', 5),
('ORD1057', 'P004', 3),
('ORD1139', 'P002', 1),
('ORD1029', 'P007', 1),
('ORD1108', 'P005', 5),
('ORD1050', 'P004', 1),
('ORD1150', 'P003', 2),
('ORD1160', 'P004', 3),
('ORD1067', 'P003', 3),
('ORD1175', 'P001', 3),
('ORD1018', 'P006', 2),
('ORD1116', 'P005', 4),
('ORD1072', 'P005', 1),
('ORD1073', 'P006', 3),
('ORD1059', 'P002', 2),
('ORD1008', 'P001', 3),
('ORD1074', 'P001', 2),
('ORD1120', 'P004', 3),
('ORD1152', 'P004', 3),
('ORD1176', 'P002', 3),
('ORD1115', 'P007', 4),
('ORD1104', 'P004', 3),
('ORD1000', 'P001', 2),
('ORD1040', 'P004', 3),
('ORD1019', 'P007', 3);